{"Planets": {"Sun": {"ID": 99, "MASS kg": 1.9885e+30, "RADIUS km": 700000, "TYPE": "star"}, "Mercury": {"ID": 199, "MASS kg": 3.3e+23, "RADIUS km": 2440, "TYPE": "planet_terrestrial", "Y km": 45034596.95617443, "X km": 8949285.894270694, "Z km": 2859686.412438402, "VX km/s": -57.54706332882775, "VY km/s": 11.30159921346736, "VZ km/s": 6.201484110408704, "LT s": 153.4533495473609, "RG km": 46004156.84913649, "RR km/s": 0.254154060885654}, "Venus": {"ID": 299, "MASS kg": 4.87e+24, "RADIUS km": 6052, "TYPE": "planet_terrestrial", "Y km": -36265506.81394282, "X km": 102423916.2841454, "Z km": -6408205.924153563, "VX km/s": 11.50084239348589, "VY km/s": 32.86076650886838, "VZ km/s": -0.2119708770324653, "LT s": 363.0628853337158, "RG km": 108843514.8027668, "RR km/s": -0.1138577730029207}, "Earth": {"ID": 399, "MASS kg": 5.97e+24, "RADIUS km": 6371, "TYPE": "planet_terrestrial", "Y km": -105601884.1884844, "X km": -107755616.0631709, "Z km": 6884.604447290301, "VX km/s": 20.37264126584044, "VY km/s": -21.39771836953437, "VZ km/s": 0.001035791178860102, "LT s": 503.2622326238788, "RG km": 150874221.7368804, "RR km/s": 0.426665822117949}, "Mars": {"ID": 499, "MASS kg": 6.42e+23, "RADIUS km": 3390, "TYPE": "planet_terrestrial", "Y km": -14053415.89757982, "X km": -245997927.0340512, "Z km": 5736590.661548831, "VX km/s": 2.283035813082709, "VY km/s": -22.11840429012925, "VZ km/s": -0.519568522568651, "LT s": 822.1213921006624, "RG km": 246465792.9122394, "RR km/s": -1.029609390491796}, "Jupiter": {"ID": 599, "MASS kg": 1.898e+27, "RADIUS km": 69911, "TYPE": "planet_gaseous", "Y km": 423493510.7880251, "X km": -682672088.8313614, "Z km": 13514761.26062199, "VX km/s": -7.045427150904859, "VY km/s": -10.50122135636642, "VZ km/s": 0.2013201616805209, "LT s": 2680.101016227815, "RG km": 803474071.3432344, "RR km/s": 0.4545736782259427}, "Saturn": {"ID": 699, "MASS kg": 5.68e+26, "RADIUS km": 58232, "TYPE": "planet_gaseous", "Y km": 438625936.0025046, "X km": 1329891458.815104, "Z km": -60577209.06236228, "VX km/s": -3.558173396794711, "VY km/s": 9.147790937036886, "VZ km/s": -0.01800222759675218, "LT s": 4675.46168162943, "RG km": 1401668149.8205, "RR km/s": -0.5125574999008617}, "Uranus": {"ID": 799, "MASS kg": 8.68e+25, "RADIUS km": 25362, "TYPE": "planet_ice", "Y km": 2633356239.182124, "X km": 1220519964.206498, "Z km": -6044793.407161951, "VX km/s": -6.236236045339848, "VY km/s": 2.53980019084085, "VZ km/s": 0.09039191575479588, "LT s": 9681.562456988408, "RG km": 2902459406.261074, "RR km/s": -0.3182812184998678}, "Neptune": {"ID": 899, "MASS kg": 1.02e+26, "RADIUS km": 24622, "TYPE": "planet_ice", "Y km": 308471432.4380584, "X km": 4456949986.953186, "Z km": -109063631.3567725, "VX km/s": -0.4181328719916526, "VY km/s": 5.447552674929726, "VZ km/s": -0.1027132843379921, "LT s": 14906.78971178082, "RG km": 4468943128.583884, "RR km/s": -0.03848351449631444}}}
